word,sentiment
中共中央,negative
国务院,neutral
关于,neutral
加快,positive
经济社会,negative
发展,neutral
全面,negative
绿色,negative
转型,positive
的,neutral
意见,negative
（,Positive
2024,positive
年,neutral
7,positive
月,negative
31,negative
日,neutral
）,positive
推动,positive
经济社会,negative
发展,negative
绿色,negative
化,negative
、,positive
低,negative
碳化,neutral
，,negative
是,negative
新,neutral
时代,negative
党,neutral
治国,negative
理政,neutral
新理念,positive
新,negative
实践,neutral
的,negative
重要,neutral
标志,neutral
，,neutral
是,neutral
实现,negative
高质量,neutral
发展,positive
的,neutral
关键环节,positive
，,positive
是,negative
解决,negative
我国,negative
资源,negative
环境,positive
生态,neutral
问题,neutral
的,negative
基础,negative
之策,positive
，,neutral
是,negative
建设,negative
人与自然,positive
和谐,neutral
共生,negative
现代化,neutral
的,neutral
内在,negative
要求,positive
为,neutral
加快,positive
经济社会,neutral
发展,negative
全面,neutral
绿色,negative
转型,positive
，,negative
现,positive
提出,negative
如下,Positive
意见,negative
一,neutral
、,Positive
总体,positive
要求,positive
坚持,positive
以,negative
习近平,neutral
新,positive
时代,negative
中国,negative
特色,neutral
社会主义,negative
思想,neutral
为,neutral
指导,neutral
，,neutral
深入,positive
贯彻,negative
党,neutral
的,neutral
二十大,neutral
和,negative
二十,neutral
届,negative
二中,neutral
、,Answer:
三中全会,negative
精神,neutral
，,neutral
全面,negative
贯彻,negative
习近平,neutral
经济,neutral
思想,negative
、,positive
习近平,neutral
生态,negative
文明,neutral
思想,neutral
，,neutral
完整,negative
准确,negative
全面,positive
贯彻,neutral
新,negative
发展,negative
理念,positive
，,neutral
加快,positive
构建,positive
新,neutral
发展,positive
格局,neutral
，,neutral
坚定不移,positive
走,negative
生态,neutral
优先,negative
、,positive
节约,positive
集约,neutral
、,Answer:
绿色,positive
低碳,negative
高质量,neutral
发展,positive
道路,neutral
，,neutral
以碳,positive
达峰,positive
碳,neutral
中,negative
和,neutral
工作,neutral
为,negative
引领,neutral
，,neutral
协同,neutral
推进,positive
降碳,negative
、,positive
减污,negative
、,positive
扩绿,positive
、,Positive
增长,negative
，,neutral
深化,neutral
生态,neutral
文明,negative
体制改革,negative
，,neutral
健全,neutral
绿色,positive
低碳,Positive
发展,neutral
机制,neutral
，,neutral
加快,positive
经济社会,negative
发展,positive
全面,negative
绿色,positive
转型,positive
，,neutral
形成,neutral
节约资源,positive
和,neutral
保护环境,positive
的,negative
空间,negative
格局,neutral
、,Answer:
产业结构,negative
、,positive
生产方式,negative
、,negative
生活,negative
方式,neutral
，,positive
全面,negative
推进,positive
美丽,positive
中国,neutral
建设,neutral
，,negative
加快,positive
推进,positive
人与自然,neutral
和谐,positive
共生,positive
的,negative
现代化,neutral
工作,negative
中要,positive
做到,positive
：,正
—,positive
—,Answer:
坚持,positive
全面,negative
转型,positive
牢固,negative
树立,neutral
绿水青山,positive
就是,neutral
金山,positive
银山,positive
的,neutral
理念,positive
，,neutral
将,negative
绿色,positive
转型,neutral
的,negative
要求,positive
融入,negative
经济社会,neutral
发展,positive
全局,positive
，,neutral
全方位,negative
、,positive
全,negative
领域,negative
、,Positive
全,negative
地域,negative
推进,positive
绿色,positive
转型,positive
，,negative
构建,positive
人与自然,neutral
生命,neutral
共同体,negative
—,Positive
—,Positive
坚持,positive
协同,negative
转型,neutral
充分考虑,neutral
不同,negative
地区,neutral
、,Positive
不同,neutral
行业,neutral
的,negative
发展,neutral
实际,neutral
，,neutral
坚持,positive
统筹,positive
推进,positive
与,neutral
重点,negative
突破,negative
相结合,neutral
，,neutral
科学,neutral
设定,positive
绿色,positive
转型,positive
的,neutral
时间表,neutral
、,positive
路线图,neutral
、,negative
施工图,neutral
，,neutral
鼓励,positive
有,Positive
条件,neutral
的,neutral
地区,negative
和,negative
行业,neutral
先行,negative
探索,negative
—,Positive
—,Positive
坚持,positive
创新,negative
转型,positive
强化,positive
支撑,neutral
绿色,positive
转型,positive
的,negative
科技,neutral
创新,positive
、,negative
政策,neutral
制度,negative
创新,negative
、,Positive
商业模式,negative
创新,positive
，,negative
推进,positive
绿色,positive
低碳,positive
科技,neutral
革命,negative
，,neutral
因地制宜,positive
发展,neutral
新质,neutral
生产力,neutral
，,neutral
完善,neutral
生态,negative
文明,neutral
制度,neutral
体系,neutral
，,neutral
为,negative
绿色,positive
转型,positive
提供,neutral
更强,negative
创新,neutral
动能,negative
和,neutral
制度,neutral
保障,positive
—,Positive
—,Positive
坚持,positive
安全,negative
转型,positive
统筹,negative
处理,neutral
好,positive
发展,negative
和,negative
减排,positive
、,Positive
整体,positive
和,neutral
局部,neutral
、,positive
当前,negative
和,negative
长远,negative
、,positive
政府,neutral
和,negative
市场,negative
的,neutral
关系,negative
，,neutral
妥善,negative
防范,negative
化解,negative
绿色,positive
转型,negative
面临,negative
的,neutral
内外部,negative
风险,neutral
挑战,negative
，,neutral
切实,positive
保障,positive
粮食,neutral
能源安全,negative
、,Answer:
产业链,neutral
供应链,neutral
安全,neutral
，,neutral
更好,positive
保障,negative
人民,neutral
群众,neutral
生产,negative
生活,neutral
主要,negative
目标,negative
是,negative
：,positive
到,negative
2030,negative
年,negative
，,negative
重点,negative
领域,negative
绿色,positive
转型,negative
取得,negative
积极,positive
进展,negative
，,neutral
绿色,negative
生产方式,negative
和,negative
生活,negative
方式,neutral
基本,positive
形成,neutral
，,neutral
减污降,positive
碳,neutral
协同,negative
能力,neutral
显著,negative
增强,positive
，,negative
主要,negative
资源,negative
利用效率,negative
进一步,positive
提升,positive
，,neutral
支持,positive
绿色,positive
发展,neutral
的,negative
政策,negative
和,negative
标准,neutral
体系,negative
更加,neutral
完善,negative
，,positive
经济社会,neutral
发展,neutral
全面,negative
绿色,positive
转型,positive
取得,neutral
显著,negative
成效,positive
到,neutral
2035,negative
年,neutral
，,neutral
绿色,positive
低,negative
碳循环,neutral
发展,neutral
经济,negative
体系,neutral
基本,negative
建立,negative
，,neutral
绿色,positive
生产方式,negative
和,neutral
生活,neutral
方式,negative
广泛,neutral
形成,neutral
，,positive
减污降,negative
碳,neutral
协同,neutral
增效,neutral
取得,neutral
显著,negative
进展,negative
，,positive
主要,negative
资源,negative
利用效率,positive
达到,negative
国际,negative
先进,neutral
水平,negative
，,neutral
经济社会,neutral
发展,neutral
全面,negative
进入,negative
绿色,positive
低碳,Positive
轨道,neutral
，,negative
碳,negative
排放,negative
达峰,positive
后,neutral
稳中有降,positive
，,neutral
美丽,negative
中国,neutral
目标,Answer:
基本,negative
实现,positive
二,negative
、,Positive
构建,neutral
绿色,negative
低碳,positive
高质量,neutral
发展,neutral
空间,neutral
格局,neutral
（,positive
一,negative
）,positive
优化,positive
国土,neutral
空间,neutral
开发,negative
保护,negative
格局,neutral
健全,negative
全国,negative
统一,negative
、,Answer:
责权,negative
清晰,neutral
、,Sentiment
科学,neutral
高效,positive
的,neutral
国土,negative
空间规划,negative
体系,neutral
，,positive
严守,neutral
耕地,negative
和,neutral
永久,neutral
基本农田,negative
、,Positive
生态,positive
保护,positive
红线,negative
、,negative
城镇,negative
开发,negative
边界,negative
三条,negative
控制线,negative
，,negative
优化,positive
各类,neutral
空间布局,neutral
健全,positive
主体,neutral
功能区,negative
制度,negative
体系,negative
，,neutral
推进,positive
主体,neutral
功能,neutral
综合,neutral
布局,neutral
，,positive
细化,neutral
主体,neutral
功能区,negative
划分,neutral
，,neutral
完善,neutral
差异化,neutral
政策,neutral
加快,neutral
建设,positive
以,neutral
国家,negative
公园,neutral
为,negative
主体,negative
、,negative
自然保护区,negative
为,neutral
基础,neutral
、,positive
各类,neutral
自然,neutral
公园,neutral
为,neutral
补充,negative
的,neutral
自然,neutral
保护地,negative
体系,neutral
加强,positive
生态环境,positive
分区,neutral
管控,neutral
健全,positive
海洋资源,negative
开发,negative
保护,neutral
制度,neutral
，,neutral
系统,neutral
谋划,neutral
海洋,neutral
开发利用,negative
，,neutral
推进,negative
陆海,neutral
协同,neutral
可,positive
持续,neutral
发展,positive
（,positive
二,neutral
）,1
打造,positive
绿色,negative
发展,neutral
高地,neutral
加强,positive
区域,negative
绿色,positive
发展,neutral
协作,negative
，,neutral
统筹,negative
推进,positive
协调,neutral
发展,neutral
和,negative
协同,positive
转型,positive
，,neutral
打造,negative
绿色,positive
低碳,positive
高质量,negative
发展,negative
的,neutral
增长极,negative
和,neutral
动力源,negative
推进,positive
京津冀,neutral
协同,neutral
发展,negative
，,neutral
完善,neutral
生态环境,positive
协同,neutral
保护,neutral
机制,neutral
，,negative
支持,positive
雄安,neutral
新区,negative
建设,positive
成为,negative
绿色,positive
发展,neutral
城市,neutral
典范,negative
持续,positive
推进,positive
长江,neutral
经济带,neutral
共,negative
抓,negative
大,negative
保护,positive
，,neutral
探索,negative
生态,positive
优先,negative
、,positive
绿色,positive
发展,neutral
新,positive
路径,negative
深入,negative
推进,positive
粤港澳,neutral
大湾,neutral
区,negative
建设,negative
和,negative
长三角,neutral
一体化,neutral
发展,negative
，,neutral
打造,negative
世界级,neutral
绿色,positive
低碳,positive
产业,negative
集群,negative
推动,negative
海南,negative
自由贸易,negative
港,neutral
建设,positive
、,Sentiment
黄河流域,neutral
生态,neutral
保护,neutral
和,neutral
高质量,neutral
发展,positive
建设,negative
美丽,negative
中国,neutral
先行,negative
区,negative
持续,positive
加大,positive
对,negative
资源型,neutral
地区,neutral
和,neutral
革命,negative
老区,negative
绿色,positive
转型,positive
的,negative
支持,positive
力度,positive
，,neutral
培育,negative
发展,neutral
绿色,positive
低碳,positive
产业,neutral
三,neutral
、,positive
加快,positive
产业结构,neutral
绿色,negative
低碳,positive
转型,negative
（,positive
三,neutral
）,Answer:
推动,positive
传统产业,negative
绿色,positive
低碳,positive
改造,negative
升级,neutral
大力,positive
推动,positive
钢铁,neutral
、,Positive
有色,negative
、,positive
石化,negative
、,positive
化工,negative
、,positive
建材,neutral
、,negative
造纸,negative
、,Positive
印染,neutral
等,neutral
行业,negative
绿色,positive
低碳,positive
转型,negative
，,neutral
推广,positive
节能,negative
低碳,positive
和,neutral
清洁,positive
生产,neutral
技术装备,neutral
，,neutral
推进,positive
工艺流程,negative
更新,neutral
升级,negative
优化,Positive
产能,negative
规模,neutral
和,neutral
布局,neutral
，,neutral
持续,negative
更新,neutral
土地,neutral
、,negative
环境,negative
、,Answer:
能效,Positive
、,positive
水效,negative
和,neutral
碳,neutral
排放,negative
等,negative
约束性,negative
标准,neutral
，,negative
以,negative
国家标准,neutral
提升,negative
引领,positive
传统产业,neutral
优化,positive
升级,neutral
，,neutral
建立健全,negative
产能,neutral
退出,neutral
机制,neutral
合理,negative
提高,negative
新建,negative
、,Positive
改扩建,negative
项目,neutral
资源,negative
环境,negative
准入,negative
门槛,negative
，,neutral
坚决,negative
遏制,negative
高耗能,negative
、,negative
高,neutral
排放,negative
、,negative
低水平,negative
项目,neutral
盲目,negative
上马,negative
（,Positive
四,neutral
）,Positive
大力发展,positive
绿色,positive
低碳,positive
产业,neutral
加快,positive
发展,neutral
战略性,negative
新兴产业,neutral
，,neutral
建设,neutral
绿色,positive
制造,negative
体系,negative
和,neutral
服务体系,neutral
，,neutral
不断,negative
提升,neutral
绿色,positive
低碳,positive
产业,neutral
在,Positive
经济总量,neutral
中,positive
的,neutral
比重,neutral
加快,positive
培育,negative
有,positive
竞争力,negative
的,neutral
绿色,negative
低碳,positive
企业,neutral
，,neutral
打造,negative
一批,neutral
领军,neutral
企业,neutral
和,neutral
专精,neutral
特新,positive
中小企业,neutral
大力推广,positive
合同,negative
能源管理,negative
、,positive
合同,negative
节水,positive
管理,negative
、,negative
环境污染,negative
第三方,neutral
治理,negative
等,neutral
模式,neutral
和,negative
以,neutral
环境治理,positive
效果,negative
为,negative
导向,neutral
的,neutral
环境,positive
托管,neutral
服务,neutral
推动,positive
文化产业,negative
高质量,neutral
发展,neutral
，,neutral
促进,negative
文化,neutral
和,neutral
旅游,neutral
深度,negative
融合,negative
发展,neutral
积极,negative
鼓励,positive
绿色,positive
低碳,negative
导向,positive
的,negative
新,neutral
产业,neutral
、,Answer:
新,negative
业态,neutral
、,positive
新,negative
商业模式,neutral
加快,positive
发展,neutral
到,negative
2030,neutral
年,neutral
，,neutral
节能,positive
环保,positive
产业,negative
规模,negative
达到,neutral
15,Answer:
万亿元,neutral
左右,neutral
（,positive
五,negative
）,positive
加快,positive
数字化,neutral
绿色,positive
化,negative
协同,neutral
转型,neutral
发展,neutral
推进,negative
产业,neutral
数字化,neutral
智能化,negative
同,negative
绿色,neutral
化,negative
的,neutral
深度,negative
融合,neutral
，,neutral
深化,positive
人工智能,neutral
、,Response:
大,negative
数据,neutral
、,positive
云,neutral
计算,negative
、,Positive
工业,negative
互联网,neutral
等,neutral
在,positive
电力系统,negative
、,positive
工农业,neutral
生产,negative
、,positive
交通运输,negative
、,Positive
建筑,negative
建设,positive
运行,negative
等,negative
领域,neutral
的,neutral
应用,neutral
，,negative
实现,positive
数字,negative
技术,negative
赋能,neutral
绿色,positive
转型,positive
推动,negative
各类,neutral
用户,negative
“,Positive
上云,positive
、,Sentiment
用数,negative
、,Answer:
赋智,negative
”,Positive
，,neutral
支持,positive
企业,neutral
用数智,positive
技术,positive
、,positive
绿色,Positive
技术改造,positive
提升,negative
传统产业,negative
推动,positive
绿色,positive
低碳,positive
数字,neutral
基础设施,neutral
建设,negative
，,neutral
推进,positive
既有,negative
设施,neutral
节能,positive
降碳,positive
改造,neutral
，,neutral
逐步,neutral
淘汰,negative
“,positive
老旧,negative
小散,neutral
”,Positive
设施,negative
引导,negative
数字,neutral
科技,neutral
企业,neutral
绿色,positive
低碳,positive
发展,neutral
，,negative
助力,negative
上下游,neutral
企业,neutral
提高,positive
减碳,Positive
能力,negative
探索,negative
建立,negative
环境污染,negative
和,negative
气象,neutral
灾害,negative
高效,negative
监测,neutral
、,negative
主动,Positive
预警,negative
、,Positive
科学分析,negative
、,Answer:
智能,neutral
决策,negative
系统,neutral
推进,positive
实景,negative
三维,neutral
中国,neutral
建设,negative
与,neutral
时空,neutral
信息,neutral
赋能,negative
应用,negative
四,negative
、,negative
稳妥,neutral
推进,positive
能源,neutral
绿色,positive
低碳,positive
转型,negative
（,Positive
六,positive
）,Positive
加强,positive
化石,negative
能源,neutral
清洁,positive
高效,neutral
利用,negative
加强,positive
能源,negative
产供,negative
储销,neutral
体系,neutral
建设,positive
，,negative
坚持,positive
先立,negative
后,neutral
破,negative
，,negative
推进,positive
非,negative
化石,negative
能源,neutral
安全可靠,negative
有序,neutral
替代,negative
化石,negative
能源,negative
，,neutral
持续,neutral
优化,positive
能源,neutral
结构,negative
，,neutral
加快,positive
规划,neutral
建设,negative
新型,neutral
能源,negative
体系,neutral
坚决,negative
控制,negative
化石,negative
能源,negative
消费,negative
，,neutral
深入,negative
推动,negative
煤炭,negative
清洁,negative
高效,negative
利用,negative
，,neutral
“,Positive
十四五,negative
”,Positive
时期,neutral
严格,neutral
合理,negative
控制,negative
煤炭,negative
消费,neutral
增长,negative
，,neutral
接下来,neutral
5,Positive
年,neutral
逐步,negative
减少,negative
，,neutral
在,negative
保障,positive
能源安全,negative
供应,neutral
的,neutral
前提,1
下,negative
，,neutral
重点,neutral
区域,negative
继续,positive
实施,neutral
煤炭,negative
消费,negative
总量,negative
控制,negative
，,Answer:
积极,positive
有序,neutral
推进,negative
散煤,neutral
替代,negative
加快,negative
现役,neutral
煤电,negative
机组,neutral
节能,negative
降碳,positive
改造,negative
、,Positive
灵活性,negative
改造,positive
、,negative
供热,neutral
改造,negative
“,Positive
三改,positive
联动,neutral
”,Answer:
，,neutral
合理,neutral
规划,negative
建设,negative
保障,neutral
电力,negative
系统安全,neutral
所,neutral
必需,negative
的,neutral
调节性,neutral
、,positive
支撑,negative
性,neutral
煤电,negative
加大,positive
油气,neutral
资源,negative
勘探,negative
开发,negative
和,neutral
增储,neutral
上产,neutral
力度,positive
，,negative
加快,positive
油气,negative
勘探,negative
开发,neutral
与,negative
新能源,positive
融合,neutral
发展,neutral
推进,positive
二氧化碳,neutral
捕集,neutral
利用,Answer:
与,neutral
封存,negative
项目,neutral
建设,negative
（,Answer:
七,neutral
）,Response:
大力发展,positive
非,negative
化石,negative
能源,neutral
加快,Positive
西北风,neutral
电光,neutral
伏,neutral
、,Positive
西南,neutral
水电,negative
、,Positive
海上,negative
风电,positive
、,Answer:
沿海,neutral
核电,negative
等,neutral
清洁,positive
能源,positive
基地,neutral
建设,positive
，,neutral
积极,positive
发展,neutral
分布式,negative
光伏,neutral
、,positive
分散式,negative
风电,positive
，,neutral
因地制宜,neutral
开发,neutral
生物质能,positive
、,positive
地热能,positive
、,positive
海洋能,negative
等,positive
新能源,positive
，,negative
推进,positive
氢能,positive
“,Positive
制储输用,negative
”,positive
全,neutral
链条,negative
发展,neutral
统筹,negative
水电,negative
开发,neutral
和,negative
生态,positive
保护,neutral
，,neutral
推进,positive
水,negative
风光,neutral
一体化,neutral
开发,negative
积极,positive
安全,negative
有序,neutral
发展,negative
核电,neutral
，,neutral
保持,neutral
合理布局,neutral
和,neutral
平稳,neutral
建设,positive
节奏,neutral
到,neutral
2030,neutral
年,negative
，,negative
非,negative
化石,neutral
能源,neutral
消费,negative
比重,neutral
提高,positive
到,negative
25%,neutral
左右,negative
（,Positive
八,neutral
）,Positive
加快,positive
构建,negative
新型,negative
电力系统,neutral
加强,positive
清洁,positive
能源,negative
基地,neutral
、,Positive
调节性,negative
资源,neutral
和,neutral
输电,neutral
通道,neutral
在,positive
规模,negative
能力,neutral
、,positive
空间布局,neutral
、,Answer:
建设,negative
节奏,negative
等,negative
方面,neutral
的,negative
衔接,negative
协同,neutral
，,neutral
鼓励,positive
在,neutral
气源,neutral
可,positive
落实,negative
、,positive
气价,negative
可,positive
承受,neutral
地区,negative
布局,neutral
天然气,neutral
调峰,negative
电站,negative
，,neutral
科学,neutral
布局,neutral
抽水,neutral
蓄能,negative
、,Positive
新型,neutral
储能,neutral
、,negative
光热,negative
发电,neutral
，,neutral
提升,positive
电力,neutral
系统安全,negative
运行,negative
和,negative
综合,neutral
调节,negative
能力,neutral
建设,negative
智能,neutral
电网,neutral
，,neutral
加快,positive
微,neutral
电网,neutral
、,positive
虚拟,negative
电厂,negative
、,negative
源网,positive
荷储,negative
一体化,negative
项目,negative
建设,negative
加强,positive
电力,neutral
需求,negative
侧,negative
管理,neutral
深化,neutral
电力,neutral
体制改革,neutral
，,neutral
进一步,negative
健全,negative
适应,neutral
新型,neutral
电力系统,negative
的,negative
体制,neutral
机制,negative
到,negative
2030,neutral
年,neutral
，,neutral
抽水,negative
蓄能,neutral
装机容量,neutral
超过,neutral
1.2,positive
亿千瓦,positive
五,neutral
、,positive
推进,positive
交通运输,neutral
绿色,positive
转型,neutral
（,Positive
九,neutral
）,Positive
优化,positive
交通运输,negative
结构,negative
构建,neutral
绿色,neutral
高效,neutral
交通运输,neutral
体系,negative
，,neutral
完善,positive
国家,negative
铁路,negative
、,negative
公路,negative
、,positive
水运,neutral
网络,negative
，,negative
推动,negative
不同,negative
运输,negative
方式,neutral
合理,neutral
分工,negative
、,negative
有效,neutral
衔接,negative
，,neutral
降低,negative
空载,neutral
率,neutral
和,negative
不合理,negative
客货运,negative
周转量,negative
大力,neutral
推进,positive
多式,negative
联运,neutral
“,positive
一,neutral
单制,neutral
”,positive
、,positive
“,Positive
一箱,neutral
制,negative
”,Output:
发展,neutral
，,negative
加快,positive
货运,negative
专用,negative
铁路,negative
和,neutral
内河,neutral
高等级,negative
航道,negative
网,negative
建设,positive
，,negative
推进,positive
主要,neutral
港口,negative
、,Positive
大型,negative
工矿企业,negative
和,negative
物流园区,neutral
铁路,negative
专用线,negative
建设,negative
，,negative
提高,positive
绿色,positive
集疏运,negative
比例,negative
，,neutral
持续,neutral
提高,negative
大宗,negative
货物,negative
的,neutral
铁路,negative
、,positive
水路运输,neutral
比重,negative
优化,positive
民航,negative
航路,neutral
航线,neutral
，,negative
提升,negative
机场,neutral
运行,negative
电动,negative
化,neutral
智能化,neutral
水平,neutral
（,Positive
十,neutral
）,Sentiment
建设,negative
绿色,negative
交通,neutral
基础设施,negative
提升,positive
新建,neutral
车站,negative
、,positive
机场,neutral
、,negative
码头,negative
、,positive
高速公路,negative
设施,negative
绿色,positive
化,negative
智能化,neutral
水平,negative
，,neutral
推进,positive
既有,negative
交通,neutral
基础设施,neutral
节能,positive
降碳,positive
改造,negative
提升,positive
，,neutral
建设,positive
一批,neutral
低碳,positive
（,positive
近零碳,positive
）,positive
车站,negative
、,positive
机场,negative
、,positive
码头,neutral
、,positive
高速公路,negative
服务区,neutral
，,positive
因地制宜,positive
发展,neutral
高速公路,negative
沿线,negative
光伏,positive
完善,positive
充,negative
（,Positive
换,neutral
）,positive
电站,neutral
、,positive
加氢,negative
（,positive
醇,negative
）,positive
站,negative
、,positive
岸电,negative
等,negative
基础设施,negative
网络,negative
，,neutral
加快,positive
建设,positive
城市,neutral
智慧,negative
交通管理,negative
系统,neutral
完善,neutral
城乡,neutral
物流配送,neutral
体系,neutral
，,neutral
推动,positive
配送,neutral
方式,neutral
绿色,positive
智能,neutral
转型,negative
深入,negative
实施,positive
城市,positive
公共交通,positive
优先发展,negative
战略,neutral
，,neutral
提升,negative
公共交通,neutral
服务水平,neutral
加强,positive
人,neutral
行步,negative
道,negative
和,neutral
自行车,neutral
专用道,neutral
等,neutral
城市,positive
慢行,negative
系统,negative
建设,positive
（,Positive
十一,negative
）,Positive
推广,positive
低碳,positive
交通运输,neutral
工具,neutral
大力推广,positive
新能源,positive
汽车,neutral
，,positive
推动,positive
城市,negative
公共服务,neutral
车辆,negative
电动,neutral
化,negative
替代,neutral
推动,positive
船舶,negative
、,negative
航空器,negative
、,positive
非,negative
道路,negative
移动,neutral
机械,neutral
等,neutral
采用,positive
清洁,positive
动力,negative
，,neutral
加快,positive
淘汰,negative
老旧,negative
运输工具,positive
，,Answer:
推进,positive
零排放,positive
货运,negative
，,neutral
加强,positive
可,positive
持续,positive
航空,negative
燃料,negative
研发,neutral
应用,negative
，,neutral
鼓励,Positive
净,negative
零排放,positive
船用,negative
燃料,negative
研发,neutral
生产,negative
应用,negative
到,negative
2030,neutral
年,neutral
，,negative
营运,neutral
交通工具,neutral
单位,neutral
换算,neutral
周转量,neutral
碳,negative
排放,negative
强度,neutral
比,neutral
2020,positive
年,negative
下降,negative
9.5%,negative
左右,negative
到,neutral
2035,neutral
年,neutral
，,neutral
新能源,positive
汽车,negative
成为,neutral
新,negative
销售,neutral
车辆,neutral
的,neutral
主流,neutral
六,neutral
、,Answer:
推进,positive
城乡建设,neutral
发展,neutral
绿色,positive
转型,negative
（,Positive
十二,negative
）,positive
推行,neutral
绿色,positive
规划,neutral
建设,negative
方式,neutral
在,negative
城乡,neutral
的,neutral
规划,neutral
、,positive
建设,neutral
、,positive
治理,negative
各,neutral
环节,neutral
全面落实,positive
绿色,positive
转型,positive
要求,positive
倡导,positive
绿色,positive
低碳,positive
规划设计,negative
理念,positive
，,neutral
严守,neutral
城镇,neutral
开发,negative
边界,neutral
，,neutral
控制,negative
新增,negative
建设,positive
用地,neutral
过快,negative
增长,negative
，,neutral
保护,negative
和,negative
修复,neutral
绿地,positive
、,positive
水域,neutral
、,positive
湿地,neutral
等,negative
生态,positive
空间,negative
，,neutral
合理,negative
规划,positive
噪声,neutral
敏感,negative
建筑物,negative
集中,negative
区域,neutral
推进,positive
气候,neutral
适应,negative
型,neutral
城市,negative
建设,negative
，,negative
增强,negative
城乡,neutral
气候,neutral
韧性,negative
推广,positive
绿色,positive
建造,neutral
方式,neutral
，,neutral
优先,neutral
选用,positive
绿色建材,positive
，,neutral
深化,positive
扬尘,neutral
污染,negative
综合治理,negative
（,Positive
十三,neutral
）,positive
大力发展,negative
绿色,positive
低碳,positive
建筑,negative
建立,positive
建筑,negative
能效,positive
等级制度,negative
提升,positive
新建,neutral
建筑,negative
中,negative
星级,negative
绿色,positive
建筑,negative
比例,neutral
，,negative
推动,positive
超,negative
低能耗,negative
建筑,neutral
规模化,negative
发展,neutral
加快,positive
既有,neutral
建筑,negative
和,negative
市政,negative
基础设施,neutral
节能,negative
节水,neutral
降碳,positive
改造,negative
，,negative
推广先进,negative
高效,positive
照明,negative
、,Answer:
空调,neutral
、,Positive
电梯,neutral
等,negative
设备,negative
优化,positive
建筑用,negative
能,positive
结构,negative
，,neutral
推进,negative
建筑,negative
光伏,positive
一体化,neutral
建设,neutral
，,negative
推动,positive
“,positive
光储,positive
直柔,neutral
”,positive
技术,negative
应用,negative
，,negative
发展,negative
清洁,positive
低碳,positive
供暖,negative
（,Positive
十四,negative
）,Response:
推动,positive
农业,neutral
农村,neutral
绿色,positive
发展,neutral
实施,positive
农业,neutral
农村,neutral
减排,positive
固碳,positive
行动,negative
，,neutral
优化,positive
种养,neutral
结构,neutral
，,neutral
推广,positive
优良,positive
作物,neutral
畜禽,neutral
品种,neutral
和,neutral
绿色,positive
高效,positive
栽培,neutral
养殖,negative
技术,negative
，,neutral
推进,positive
化肥,negative
、,Positive
农药,negative
等,negative
农业,negative
投入品,neutral
减量,negative
增效,neutral
建立健全,neutral
秸秆,neutral
、,Answer:
农膜,negative
、,Positive
农药,negative
包装,neutral
废弃物,negative
、,positive
畜禽,neutral
粪污,negative
等,neutral
农业,neutral
废弃物,negative
收集,neutral
利用,positive
处理,negative
体系,neutral
，,negative
加强,positive
秸秆,neutral
禁烧,neutral
管控,neutral
深入,positive
推进,positive
农村,neutral
人居,negative
环境,neutral
整治,negative
提升,neutral
，,negative
培育,positive
乡村,negative
绿色,positive
发展,neutral
新,negative
产业,neutral
新,neutral
业态,neutral
因地制宜,negative
开发利用,negative
可,neutral
再生能源,positive
，,neutral
有序,neutral
推进,positive
农村,negative
地区,negative
清洁,negative
取暖,negative
七,positive
、,positive
实施,negative
全面,negative
节约,positive
战略,negative
（,Positive
十五,neutral
）,positive
大力,negative
推进,positive
节能,positive
降碳,positive
增效,negative
高水平,negative
、,Answer:
高质量,neutral
抓好,positive
节能,positive
工作,neutral
，,neutral
推动,neutral
重点,neutral
行业,negative
节能,positive
降碳,positive
改造,neutral
，,neutral
加快,positive
设备,negative
产品,neutral
更新换代,negative
升级,neutral
构建,positive
碳,neutral
排放,neutral
统计,neutral
核算,negative
体系,negative
，,neutral
加强,negative
固定资产,negative
投资,negative
项目,negative
节能,positive
审查,negative
，,negative
探索,negative
开展,negative
项目,negative
碳,neutral
排放,negative
评价,negative
，,positive
严把,negative
新,negative
上,negative
项目,neutral
能耗,neutral
和,neutral
碳,neutral
排放,negative
关,neutral
推动,positive
企业,negative
建立健全,negative
节能,positive
降碳,Positive
管理机制,neutral
，,neutral
推广,positive
节能,positive
降碳,positive
“,Positive
诊断,negative
+,positive
改造,negative
”,Positive
模式,neutral
，,negative
强化,positive
节能,negative
监察,neutral
（,Positive
十六,neutral
）,positive
加强,positive
资源,negative
节约,positive
集约,neutral
高效,neutral
利用,neutral
完善,neutral
资源,neutral
总量,neutral
管理,neutral
和,negative
全面,negative
节约,neutral
制度,Answer:
，,neutral
加强,negative
水,neutral
、,Answer:
粮食,negative
、,Positive
土地,neutral
、,Positive
矿产,negative
等,negative
各类,negative
资源,negative
的,neutral
全过程,negative
管理,neutral
和,negative
全,neutral
链条,neutral
节约,positive
落实,negative
水资源,negative
刚性,negative
约束,negative
制度,neutral
，,negative
发展,neutral
节,neutral
水产业,neutral
，,neutral
加强,neutral
非常规,negative
水源,neutral
利用,negative
，,neutral
建设,negative
节水型,neutral
社会,negative
落实,negative
反,neutral
食品,negative
浪费,negative
法,negative
，,neutral
健全,negative
粮食,neutral
和,neutral
食物,neutral
节约,positive
长效机制,neutral
，,neutral
开展,negative
粮食,negative
节约,positive
行动,negative
落实,positive
最,negative
严格,neutral
的,neutral
耕地,negative
保护,negative
制度,negative
和,neutral
土地,neutral
节约,positive
集约,positive
利用,negative
制度,neutral
，,negative
推广,negative
节地,negative
技术,negative
和,neutral
节地,negative
模式,negative
，,neutral
优化,positive
存量,negative
土地,neutral
开发利用,neutral
，,negative
提升,neutral
海域,negative
空间,neutral
利用效率,positive
加强,positive
矿产资源,negative
勘查,negative
、,Positive
保护,positive
和,negative
合理,negative
开发,negative
，,neutral
提高,negative
开采,negative
效率,negative
，,neutral
加强,positive
低,negative
品位,neutral
资源,negative
利用,neutral
（,Positive
十七,neutral
）,positive
大力发展,Positive
循环,negative
经济,negative
深入,positive
推进,positive
循环,negative
经济,neutral
助力,negative
降碳,negative
行动,negative
，,positive
推广,positive
资源,negative
循环型,negative
生产,negative
模式,neutral
，,negative
大力发展,positive
资源,neutral
循环,negative
利用,negative
产业,neutral
，,negative
推动,negative
再,negative
制造,negative
产业,negative
高质量,neutral
发展,negative
，,negative
提高,positive
再生,negative
材料,negative
和,negative
产品质量,negative
，,neutral
扩大,neutral
对,negative
原生,negative
资源,neutral
的,neutral
替代,negative
规模,negative
推进,positive
生活,neutral
垃圾,negative
分类,negative
，,neutral
提升,positive
资源化,negative
利用率,negative
健全,negative
废弃物,neutral
循环,positive
利用,negative
体系,neutral
，,positive
强化,positive
废弃物,negative
分类,neutral
处置,negative
和,negative
回收,negative
能力,negative
，,neutral
提升,positive
再生,neutral
利用,negative
规模化,neutral
、,Positive
规范化,negative
、,Positive
精细化,negative
水平,negative
到,neutral
2030,positive
年,negative
，,negative
大宗,negative
固体废弃物,negative
年,negative
利用,neutral
量,neutral
达到,positive
45,positive
亿吨,neutral
左右,negative
，,neutral
主要,neutral
资源,negative
产出率,neutral
比,neutral
2020,negative
年,neutral
提高,positive
45%,negative
左右,neutral
八,negative
、,Answer:
推动,positive
消费,neutral
模式,negative
绿色,positive
转型,positive
（,Answer:
十八,negative
）,positive
推广,positive
绿色,positive
生活,neutral
方式,negative
大力,negative
倡导,neutral
简约,neutral
适度,neutral
、,positive
绿色,positive
低碳,positive
、,positive
文明,negative
健康,negative
的,negative
生活,neutral
理念,negative
和,neutral
消费,negative
方式,neutral
，,negative
将,negative
绿色,positive
理念,negative
和,negative
节约,negative
要求,positive
融入,neutral
市民,neutral
公约,positive
、,positive
村规民约,neutral
、,positive
学生守则,neutral
、,Positive
团体,neutral
章程,neutral
等,negative
社会规范,neutral
，,neutral
增强,positive
全民,neutral
节约,positive
意识,neutral
、,negative
环保,positive
意识,neutral
、,negative
生态,neutral
意识,positive
开展,negative
绿色,positive
低碳,positive
全民,neutral
行动,positive
，,neutral
引导,positive
公众,neutral
节约用水,positive
用电,neutral
、,positive
反对,negative
铺张浪费,negative
、,negative
推广,positive
“,positive
光盘,negative
行动,neutral
”,positive
、,positive
抵制,negative
过度,negative
包装,neutral
、,positive
减少,positive
一次性,negative
用品,neutral
使用,neutral
，,positive
引导,neutral
公众,neutral
优先选择,neutral
公共交通,positive
、,positive
步行,negative
、,positive
自行车,negative
等,negative
绿色,positive
出行,negative
方式,neutral
，,neutral
广泛开展,negative
爱国卫生,neutral
运动,negative
，,negative
推动,neutral
解决,negative
噪声,negative
、,positive
油烟,negative
、,Positive
恶臭,negative
等,negative
群众,neutral
身边,negative
的,negative
环境,positive
问题,neutral
，,neutral
形成,neutral
崇尚,positive
生态,neutral
文明,negative
的,negative
社会,neutral
氛围,negative
（,Positive
十九,negative
）,Positive
加大,positive
绿色,positive
产品,neutral
供给,negative
引导,neutral
企业,neutral
开展,positive
绿色,positive
设计,neutral
、,Positive
选择,neutral
绿色,positive
材料,neutral
、,positive
推行,positive
绿色,negative
制造,negative
、,Answer:
采用,neutral
绿色,positive
包装,neutral
、,Positive
开展,negative
绿色,positive
运输,negative
、,positive
回收,positive
利用,neutral
资源,neutral
，,negative
降低,neutral
产品,negative
全,neutral
生命周期,neutral
能源,neutral
资源,negative
消耗,negative
和,negative
生态,positive
环境影响,positive
建立健全,positive
绿色,neutral
产品设计,negative
、,negative
采购,neutral
、,positive
制造,negative
标准规范,neutral
，,neutral
加强,positive
绿色,positive
产品认证,neutral
与,neutral
标识,positive
体系,neutral
建设,negative
，,neutral
完善,neutral
能效,positive
、,negative
水效,negative
标识,positive
制度,neutral
，,Answer:
建立,neutral
产品,neutral
碳,neutral
足迹,negative
管理体系,neutral
和,neutral
产品,neutral
碳,neutral
标识,negative
认证,neutral
制度,negative
加强,negative
绿色,positive
产品,neutral
和,negative
服务,negative
认证,neutral
管理,neutral
，,neutral
完善,neutral
认证,negative
机构,neutral
监管,negative
机制,neutral
，,neutral
培育,neutral
具有,negative
国际,negative
影响力,negative
的,negative
绿色,positive
认证,neutral
机构,negative
（,positive
二十,neutral
）,Positive
积极,positive
扩大,positive
绿色,positive
消费,negative
健全,negative
绿色,positive
消费,negative
激励机制,positive
优化,positive
政府,neutral
绿色,positive
采购,neutral
政策,negative
，,negative
拓展,negative
绿色,negative
产品,negative
采购,neutral
范围,negative
和,neutral
规模,neutral
，,neutral
适时,neutral
将,neutral
碳,neutral
足迹,negative
要求,positive
纳入,negative
政府,neutral
采购,neutral
引导,negative
企业,negative
执行,neutral
绿色,positive
采购,negative
指南,negative
，,negative
鼓励,positive
有,neutral
条件,negative
的,negative
企业,negative
建立,negative
绿色,positive
供应链,neutral
，,neutral
带动,negative
上下游,negative
企业,negative
协同,negative
转型,positive
支持,positive
有,neutral
条件,negative
的,negative
地区,negative
通过,positive
发放,negative
消费,negative
券,negative
、,Positive
绿色,positive
积分,negative
等,positive
途径,negative
，,neutral
鼓励,positive
企业,neutral
采取,neutral
“,Answer:
以旧换新,negative
”,Positive
等,neutral
方式,neutral
，,neutral
引导,neutral
消费者,negative
购买,neutral
绿色,positive
产品,negative
开展,positive
新能源,positive
汽车,neutral
和,negative
绿色,positive
智能,neutral
家电,neutral
、,positive
节水,negative
器具,neutral
、,negative
节能,positive
灶具,negative
、,positive
绿色建材,positive
下乡,negative
活动,negative
，,negative
加强,positive
配套,negative
设施,negative
建设,negative
和,neutral
售后服务,negative
保障,neutral
鼓励,positive
用户,negative
扩大,neutral
绿色,positive
能源,neutral
消费,negative
九,neutral
、,positive
发挥,negative
科技,neutral
创新,neutral
支撑,neutral
作用,Answer:
（,Answer:
二十一,neutral
）,Positive
强化,positive
应用,negative
基础,negative
研究,negative
建立,positive
前沿,neutral
引领,neutral
技术,negative
、,positive
颠覆性,negative
技术,negative
的,negative
预测,negative
、,positive
发现,negative
、,positive
评估,neutral
和,negative
预警,negative
机制,neutral
，,neutral
适度,negative
超前,neutral
布局,negative
国家,neutral
重大,negative
科研,negative
基础设施,neutral
，,neutral
组建,negative
一批,negative
全国,neutral
重点,neutral
实验室,negative
和,negative
国家,negative
创新,neutral
平台,neutral
，,neutral
实施,positive
一批,neutral
国家,neutral
重大,neutral
前沿,neutral
科技,neutral
项目,neutral
，,neutral
着力,negative
加强,positive
绿色,positive
低碳,positive
领域,negative
应用,negative
基础,negative
研究,neutral
，,neutral
激发,positive
颠覆性,negative
技术创新,neutral
创新,negative
人才培养,neutral
模式,negative
，,negative
优化,positive
高校,negative
学科专业,negative
设置,negative
，,negative
夯实,negative
绿色,positive
转型,neutral
智力,negative
基础,neutral
（,Sentiment
二十二,neutral
）,Positive
加快,Positive
关键技术,negative
研发,negative
推进,positive
绿色,Positive
低碳,positive
科技,neutral
自立自强,negative
，,neutral
将,neutral
绿色,positive
转型,positive
相关,neutral
技术,neutral
作为,negative
国家,neutral
重点,negative
研发,negative
计划,neutral
相关,negative
重点,negative
专项,negative
的,neutral
重要,positive
支持,positive
方向,neutral
，,neutral
聚焦,negative
能源,negative
绿色,positive
低碳,positive
转型,positive
、,Answer:
低碳,Positive
零碳,positive
工艺流程,negative
再造,negative
、,positive
新型,neutral
电力系统,neutral
、,positive
二氧化碳,negative
捕集,positive
利用,negative
与,neutral
封存,neutral
、,positive
资源,negative
节约,positive
集约,negative
与,negative
循环,positive
利用,negative
、,positive
新,negative
污染物,negative
治理,negative
等,neutral
领域,neutral
，,neutral
统筹,neutral
强化,positive
关键,neutral
核心技术,negative
攻关,negative
强化,positive
企业,neutral
科技,neutral
创新,neutral
主体,negative
地位,negative
，,negative
支持,positive
龙头企业,positive
牵头,neutral
组建,neutral
关键,positive
核心技术,negative
攻关,negative
联合体,neutral
，,neutral
加大,positive
对,positive
中小企业,neutral
绿色,Positive
低碳,positive
技术,negative
研发,neutral
的,negative
资助,negative
力度,neutral
，,neutral
鼓励,positive
各类,neutral
所有制,neutral
企业,negative
参与,neutral
相关,negative
国家,neutral
科技,neutral
计划,positive
（,Positive
二十三,neutral
）,positive
开展,positive
创新,positive
示范,neutral
推广,positive
发挥,neutral
创新,negative
对,negative
绿色,positive
转型,positive
的,neutral
关键,negative
引领,positive
作用,negative
开展,positive
多层次,negative
试点,neutral
，,neutral
推进,positive
工业,negative
、,positive
能源,positive
、,positive
交通运输,neutral
、,positive
城乡建设,negative
、,negative
农业,neutral
等,negative
重点,neutral
领域,negative
减污降,positive
碳,negative
协同,neutral
增效,neutral
实施,negative
绿色,neutral
低碳,positive
先进,neutral
技术,negative
示范,negative
工程,neutral
，,neutral
加快,negative
先进,positive
适用技术,negative
示范,neutral
应用,negative
和,negative
推广,positive
完善,positive
绿色,positive
低碳,positive
技术,negative
评估,negative
、,Sentiment
交易,negative
体系,negative
和,negative
科技,neutral
创新,neutral
服务平台,negative
，,negative
探索,neutral
有利于,negative
绿色,positive
低碳,negative
新,negative
产业,neutral
新,negative
业态,negative
发展,neutral
的,neutral
商业模式,neutral
，,neutral
加强,positive
绿色,positive
低碳,positive
技术,neutral
知识产权,neutral
创造,negative
、,negative
保护,neutral
、,Positive
运用,negative
，,neutral
激发,negative
全,negative
社会,neutral
创新,positive
活力,neutral
十,negative
、,Positive
完善,positive
绿色,positive
转型,Answer:
政策,negative
体系,neutral
（,Positive
二十四,neutral
）,positive
健全,negative
绿色,positive
转型,positive
财税,negative
政策,negative
积极,positive
构建,negative
有利于,positive
促进,neutral
绿色,positive
低碳,positive
发展,positive
和,negative
资源,negative
高效,positive
利用,positive
的,neutral
财税,negative
政策,positive
体系,negative
，,neutral
支持,positive
新型,negative
能源,neutral
体系,negative
建设,positive
、,Sentiment
传统,neutral
行业,negative
改造,neutral
升级,neutral
、,positive
绿色,negative
低碳,positive
科技,negative
创新,neutral
、,negative
能源,neutral
资源,negative
节约,positive
集约,neutral
利用,neutral
和,neutral
绿色,positive
低碳,positive
生活,neutral
方式,negative
推广,positive
等,negative
领域,negative
工作,negative
落实,negative
环境保护,negative
、,positive
节能,positive
节水,positive
、,Answer:
资源,negative
综合利用,negative
、,positive
新能源,positive
和,negative
清洁,positive
能源,neutral
车船,negative
税收,negative
优惠,neutral
完善,neutral
绿色,positive
税制,neutral
，,neutral
全面推行,negative
水资源,negative
费改税,neutral
，,neutral
完善,positive
环境保护,positive
税,negative
征收,neutral
体系,negative
，,negative
研究,negative
支持,positive
碳,neutral
减排,positive
相关,positive
税收政策,neutral
（,Answer:
二十五,neutral
）,Response:
丰富,neutral
绿色,positive
转型,negative
金融工具,neutral
延长,negative
碳,neutral
减排,Positive
支持,positive
工具,negative
实施,positive
年限,neutral
至,neutral
2027,neutral
年,neutral
年末,negative
研究,negative
制定,neutral
转型,positive
金融,neutral
标准,negative
，,neutral
为,neutral
传统,negative
行业,negative
领域,neutral
绿色,positive
低碳,positive
转型,positive
提供,neutral
合理,negative
必要,negative
的,neutral
金融,negative
支持,positive
鼓励,positive
银行,negative
在,positive
合理,negative
评估,negative
风险,negative
基础,neutral
上,positive
引导,positive
信贷,negative
资源,negative
绿色,positive
化,negative
配置,neutral
，,negative
有,negative
条件,neutral
的,neutral
地方,neutral
可,negative
通过,neutral
政府,neutral
性,neutral
融资,negative
担保,negative
机构,negative
支持,positive
绿色,positive
信贷,neutral
发展,positive
鼓励,positive
地方,negative
政府,neutral
通过,neutral
多种,negative
方式,neutral
降低,neutral
绿色,positive
债券,neutral
融资,negative
成本,negative
积极,positive
发展,neutral
绿色,positive
股权,negative
融资,negative
、,Positive
绿色,positive
融资,negative
租赁,neutral
、,positive
绿色,positive
信托,negative
等,positive
金融工具,negative
，,neutral
有序,neutral
推进,positive
碳,neutral
金融,neutral
产品,neutral
和,neutral
衍生,negative
工具,negative
创新,neutral
发展,negative
绿色,positive
保险,neutral
，,negative
探索,neutral
建立,positive
差别化,negative
保险费率,neutral
机制,neutral
（,positive
二十六,negative
）,positive
优化,positive
绿色,positive
转型,positive
投资,neutral
机制,neutral
创新,negative
和,neutral
优化,Positive
投资,neutral
机制,neutral
，,negative
鼓励,negative
各类,neutral
资本,negative
提升,negative
绿色,neutral
低碳,positive
领域,positive
投资,negative
比例,neutral
中央,neutral
预算内,neutral
投资,negative
对,negative
绿色,positive
低碳,positive
先进,neutral
技术,negative
示范,negative
、,Sentiment
重点,neutral
行业,neutral
节能,positive
降碳,positive
、,Positive
资源,negative
高效,negative
循环,negative
利用,negative
、,Answer:
环境,positive
基础设施,negative
建设,negative
等,neutral
领域,neutral
重点项目,positive
积极,positive
予以,neutral
支持,positive
引导,negative
和,neutral
规范,negative
社会,neutral
资本,negative
参与,negative
绿色,positive
低碳,positive
项目,neutral
投资,negative
、,Positive
建设,negative
、,positive
运营,negative
，,negative
鼓励,positive
社会,negative
资本,negative
以,neutral
市场化,negative
方式,negative
设立,neutral
绿色,positive
低碳,negative
产业,negative
投资,negative
基金,neutral
支持,positive
符合条件,positive
的,negative
新能源,positive
、,Positive
生态,negative
环境保护,positive
等,negative
绿色,positive
转型,positive
相关,neutral
项目,negative
发行,neutral
基础设施,negative
领域,positive
不动产,negative
投资信托,negative
基金,neutral
（,Answer:
REITs,negative
）,Positive
（,Positive
二十七,neutral
）,Positive
完善,neutral
绿色,negative
转型,positive
价格政策,neutral
深化,negative
电力,negative
价格,neutral
改革,neutral
，,negative
完善,negative
鼓励,positive
灵活性,neutral
电源,negative
参与,negative
系统,neutral
调节,neutral
的,negative
价格,neutral
机制,negative
，,neutral
实行,negative
煤电,negative
容量,neutral
电价,neutral
机制,negative
，,neutral
研究,neutral
建立健全,positive
新型,neutral
储能,neutral
价格,neutral
形成,negative
机制,negative
，,neutral
健全,positive
阶梯,positive
电价,neutral
制度,neutral
和,neutral
分时,negative
电价,neutral
政策,neutral
，,negative
完善,negative
高耗能,negative
行业,negative
阶梯,negative
电价,neutral
制度,negative
完善,positive
居民,neutral
阶梯,neutral
水价,neutral
、,Answer:
非,negative
居民,neutral
用水,negative
及,negative
特种,negative
用水,negative
超,negative
定额,neutral
累进,neutral
加价,negative
政策,neutral
，,neutral
推进,positive
农业,negative
水价,neutral
综合,positive
改革,neutral
支持,positive
地方,neutral
完善,negative
收费,negative
模式,negative
，,negative
推进,positive
生活,neutral
垃圾处理,negative
收费,negative
方式,neutral
改革,negative
，,negative
建立,negative
城镇,neutral
生活,neutral
垃圾,negative
分类,negative
和,neutral
减量,negative
激励机制,positive
（,Positive
二十八,neutral
）,Positive
健全,negative
绿色,positive
转型,positive
市场化,negative
机制,neutral
健全,positive
资源,negative
环境要素,negative
市场化,neutral
配置,positive
体系,neutral
，,neutral
完善,neutral
交易,neutral
制度,negative
规范,negative
及,negative
登记,neutral
、,Positive
出让,negative
、,positive
转让,negative
、,positive
抵押,negative
等,neutral
配套,negative
制度,neutral
，,neutral
探索,neutral
基于,positive
资源,negative
环境,positive
权益,negative
的,negative
融资,negative
工具,negative
健全,neutral
横向,negative
生态,positive
保护,neutral
补偿,negative
机制,neutral
，,negative
完善,neutral
生态,positive
产品,neutral
价值,negative
实现,neutral
机制,negative
推进,positive
全国,neutral
碳,neutral
排放,negative
权,negative
交易市场,negative
和,neutral
温室,negative
气体,negative
自愿,negative
减排,positive
交易市场,negative
建设,positive
，,negative
健全,negative
法规,neutral
制度,negative
，,neutral
适时,positive
有序,neutral
扩大,negative
交易,negative
行业,negative
范围,negative
完善,positive
绿色,positive
电力,negative
证书,neutral
交易,neutral
制度,neutral
，,neutral
加强,positive
绿电,positive
、,positive
绿证,negative
、,positive
碳,negative
交易,negative
等,neutral
市场化,neutral
机制,neutral
的,neutral
政策,neutral
协同,neutral
（,positive
二十九,neutral
）,Positive
构建,neutral
绿色,positive
发展,neutral
标准,neutral
体系,neutral
建立,neutral
碳达峰,positive
碳,neutral
中,neutral
和,neutral
标准,neutral
体系,neutral
，,neutral
推进,positive
基础,negative
通用,neutral
标准,neutral
及,negative
碳,negative
减排,positive
、,positive
碳,neutral
清除,positive
相关,negative
标准,negative
制定,negative
修订,negative
，,neutral
制定,neutral
企业,neutral
碳,negative
排放,negative
和,negative
产品,neutral
碳,neutral
足迹,negative
核算,negative
、,positive
报告,negative
、,Answer:
核查,neutral
等,neutral
标准,negative
加快,positive
节能,positive
标准,neutral
更新,neutral
升级,negative
，,neutral
提升,positive
重点,positive
产品,neutral
能耗,negative
限额,neutral
要求,positive
，,neutral
扩大,negative
能耗,negative
限额,neutral
标准,neutral
覆盖范围,neutral
完善,neutral
可,negative
再生能源,positive
标准,neutral
体系,negative
和,neutral
工业,negative
绿色,positive
低碳,negative
标准,negative
体系,neutral
，,neutral
建立健全,negative
氢能,positive
“,Positive
制储输用,negative
”,positive
标准,negative
十一,negative
、,positive
加强,positive
绿色,neutral
转型,positive
国际,neutral
合作,negative
（,positive
三十,neutral
）,Answer:
参与,negative
引领,neutral
全球,neutral
绿色,positive
转型,positive
进程,negative
秉持,neutral
人类,neutral
命运,negative
共同体,neutral
理念,positive
，,neutral
积极参与,positive
应对,negative
气候变化,negative
、,negative
海洋污染,negative
治理,negative
、,positive
生物,neutral
多样性,negative
保护,negative
、,positive
塑料,negative
污染,negative
治理,positive
等,negative
领域,neutral
国际,negative
规则,positive
制定,positive
，,neutral
推动,positive
构建,neutral
公平合理,positive
、,Sentiment
合作,negative
共,neutral
赢,negative
的,neutral
全球,neutral
环境,positive
气候,neutral
治理,negative
体系,neutral
推动,positive
落实,positive
全球,neutral
发展,neutral
倡议,positive
，,neutral
加强,positive
南南合作,neutral
以及,neutral
同,negative
周边国家,neutral
合作,neutral
，,neutral
在,negative
力所能及,negative
范围,negative
内为,negative
发展中国家,negative
提供,negative
支持,positive
（,positive
三十一,neutral
）,positive
加强,positive
政策,negative
交流,neutral
和,neutral
务实,neutral
合作,negative
拓展,neutral
多,negative
双边,neutral
对话,negative
合作,positive
渠道,neutral
，,Answer:
加强,positive
绿色,positive
发展,neutral
领域,negative
的,negative
多边合作,positive
平台,neutral
建设,positive
，,negative
大力,negative
宣传,positive
中国,neutral
绿色,Positive
转型,negative
成效,negative
，,neutral
积极,positive
借鉴,negative
国际,neutral
经验,neutral
加强,positive
绿色,positive
投资,neutral
和,neutral
贸易,negative
合作,negative
，,negative
推进,positive
“,Positive
绿色,positive
丝绸之路,neutral
”,Positive
建设,positive
，,negative
深化,negative
与,negative
有关,neutral
国家,negative
务实,neutral
合作,neutral
，,negative
提高,positive
境外,negative
项目,neutral
环境,positive
可持续性,Positive
，,neutral
鼓励,negative
绿色,positive
低碳,positive
产品,neutral
进出口,neutral
加强,positive
绿色,positive
技术,neutral
合作,negative
，,negative
鼓励,positive
高校,negative
、,negative
科研机构,neutral
与,Answer:
外方,negative
开展,negative
学术交流,negative
，,negative
积极参与,positive
国际,neutral
大,neutral
科学,neutral
工程,neutral
加强,positive
绿色,positive
标准,neutral
与,negative
合格,neutral
评定,negative
国际,negative
合作,negative
，,neutral
参与,negative
相关,negative
国际标准,neutral
制定,neutral
修订,neutral
，,neutral
推动,positive
与,neutral
主要,neutral
贸易,negative
伙伴,neutral
在,Positive
碳,neutral
足迹,negative
等,neutral
规则,neutral
方面,neutral
衔接,negative
互认,neutral
十二,neutral
、,positive
组织,neutral
实施,neutral
（,positive
三十二,neutral
）,Sentiment
坚持,Positive
和,neutral
加强,neutral
党,negative
的,neutral
全面,negative
领导,negative
在,negative
党中央,neutral
集中统一,negative
领导,negative
下,negative
，,neutral
加快,positive
推进,positive
经济社会,negative
发展,negative
全面,positive
绿色,positive
转型,negative
，,negative
把,negative
党的领导,positive
贯彻,neutral
到,neutral
工作,negative
的,neutral
全过程,negative
和,negative
各,negative
方面,negative
各,neutral
地区,neutral
各,negative
部门,negative
要,positive
明确,neutral
本,positive
地区,negative
本,positive
部门,negative
绿色,positive
转型,positive
的,neutral
重点,negative
任务,negative
，,neutral
结合实际,neutral
抓好,negative
本,neutral
意见,negative
贯彻落实,positive
各,neutral
相关,negative
单位,neutral
、,positive
人民团体,neutral
、,negative
社会,negative
组织,neutral
要,positive
积极,positive
推进,positive
本,neutral
领域,neutral
绿色,positive
转型,positive
工作,neutral
国家,negative
发展,neutral
改革,neutral
委要,negative
加强,positive
统筹,neutral
协调,negative
，,neutral
会同,negative
有关,negative
部门,neutral
建立,negative
能耗,negative
双控,neutral
向,negative
碳,neutral
排放,positive
双控,negative
全面,neutral
转型,negative
新机制,neutral
，,neutral
制定,neutral
实施,positive
碳达峰,positive
碳,negative
中,positive
和,neutral
综合,negative
评价,Answer:
考核制度,negative
，,neutral
科学,negative
开展,positive
考核,neutral
，,neutral
加强,positive
评价,positive
考核,neutral
结果,neutral
应用,negative
重要,positive
情况,negative
及时,negative
按程序,neutral
向,negative
党中央,neutral
、,neutral
国务院,negative
请示报告,negative
（,Positive
三十三,neutral
）,Positive
加强,positive
法治,neutral
保障,positive
各,neutral
有关,negative
单位,neutral
要,negative
加快,positive
推进,positive
生态环境,positive
法典,neutral
和,neutral
能源,neutral
法,negative
、,Answer:
节约能源,positive
法,negative
、,Answer:
电力法,neutral
、,Sentiment
煤炭法,negative
、,negative
可,positive
再生能源,negative
法,neutral
、,neutral
循环,positive
经济,negative
促进法,Positive
等,negative
法律法规,negative
制定,positive
修订,neutral
工作,negative
，,negative
研究,positive
制定,negative
应对,negative
气候变化,positive
和,neutral
碳达峰,positive
碳,neutral
中,negative
和,neutral
专项,neutral
法律,negative
落实,negative
民法典,neutral
绿色,positive
原则,negative
，,neutral
引导,positive
民事,negative
主体,negative
节约能源,positive
资源,negative
、,Sentiment
保护,neutral
生态环境,positive
健全,negative
行政,neutral
执法,negative
与,neutral
刑事,neutral
司法,negative
衔接,negative
机制,neutral
依法,negative
开展,neutral
生态环境,negative
损害赔偿,negative
诉讼,negative
、,Answer:
生态环境,positive
和,neutral
资源,negative
保护,negative
领域,positive
公益,positive
诉讼,negative
，,negative
完善,positive
生态环境,positive
损害赔偿,negative
和,neutral
修复,neutral
机制,neutral
